Index,BgmName
1,bgm_adv_indoors
2,bgm_adv_indoors
3,bgm_adv_indoors
4,bgm_adv_indoors
5,bgm_adv_indoors
6,bgm_adv_indoors
7,bgm_adv_indoors
16,bgm_adv_town
17,bgm_adv_town
18,bgm_adv_town
19,bgm_adv_outdoors
20,bgm_adv_outdoors
21,bgm_adv_outdoors
22,bgm_adv_outdoors
23,bgm_adv_outdoors
24,bgm_adv_outdoors
25,bgm_adv_outdoors
26,bgm_adv_outdoors
27,bgm_adv_outdoors
28,bgm_adv_outdoors
29,bgm_adv_gag
30,bgm_adv_indoors
31,bgm_adv_outdoors
32,bgm_adv_outdoors
33,bgm_adv_outdoors
34,bgm_adv_outdoors
35,bgm_adv_outdoors
36,bgm_adv_indoors
37,bgm_adv_outdoors
38,bgm_adv_outdoors
39,bgm_adv_outdoors
40,bgm_adv_outdoors
41,bgm_adv_outdoors
42,bgm_adv_indoors
43,bgm_adv_indoors
44,bgm_adv_outdoors
45,bgm_adv_outdoors
46,bgm_adv_outdoors
47,bgm_adv_outdoors
48,bgm_adv_outdoors
49,bgm_adv_outdoors
50,bgm_adv_outdoors
51,bgm_adv_outdoors
52,bgm_adv_outdoors
53,bgm_adv_outdoors
54,bgm_adv_indoors
55,bgm_adv_indoors
56,bgm_adv_indoors
57,bgm_adv_indoors
58,bgm_adv_indoors
59,bgm_adv_indoors
60,bgm_adv_indoors
61,bgm_adv_indoors
62,bgm_adv_indoors
63,bgm_adv_indoors
64,bgm_adv_indoors
65,bgm_adv_indoors
66,bgm_adv_indoors
67,bgm_adv_indoors
68,bgm_adv_indoors
69,bgm_adv_indoors
70,bgm_adv_indoors
71,bgm_adv_indoors
72,bgm_adv_indoors
73,bgm_adv_indoors
74,bgm_adv_indoors
75,bgm_adv_indoors
76,bgm_adv_indoors
77,bgm_adv_indoors
78,bgm_adv_indoors
79,bgm_adv_indoors
80,bgm_adv_indoors
81,bgm_adv_indoors
82,bgm_adv_gag
83,bgm_adv_wilderness
84,bgm_adv_wilderness
85,bgm_adv_wilderness
86,bgm_adv_wilderness
87,bgm_adv_wilderness
88,bgm_adv_indoors
89,bgm_adv_indoors
90,bgm_adv_indoors
91,bgm_adv_indoors
92,bgm_adv_indoors
93,bgm_adv_wilderness
94,bgm_adv_wilderness
95,bgm_adv_wilderness
96,bgm_adv_wilderness
97,bgm_adv_wilderness
98,bgm_adv_wilderness
99,bgm_adv_wilderness
100,bgm_adv_indoors
101,bgm_adv_indoors
102,bgm_adv_indoors
103,bgm_adv_indoors
104,bgm_adv_indoors
105,bgm_adv_indoors
106,bgm_adv_indoors
107,bgm_adv_indoors
108,bgm_adv_indoors
109,bgm_adv_indoors
110,bgm_adv_indoors
111,bgm_adv_indoors
112,bgm_adv_indoors
113,bgm_adv_outdoors
114,bgm_adv_outdoors
115,bgm_adv_indoors
116,bgm_adv_indoors
117,bgm_adv_indoors
118,bgm_adv_warfare
119,bgm_adv_warfare
120,bgm_adv_gag
121,bgm_adv_gag
122,bgm_adv_gag
123,bgm_adv_gag
124,bgm_adv_gag
125,bgm_adv_gag
126,bgm_adv_gag
127,bgm_adv_gag
128,bgm_adv_gag
129,bgm_adv_gag
130,bgm_adv_outdoors
131,bgm_adv_outdoors
132,bgm_adv_outdoors
133,bgm_adv_outdoors
134,bgm_adv_outdoors
135,bgm_adv_outdoors
136,bgm_adv_outdoors
137,bgm_adv_outdoors
138,bgm_adv_outdoors
139,bgm_adv_outdoors
140,bgm_adv_indoors
141,bgm_adv_outdoors
142,bgm_adv_outdoors
143,bgm_adv_gag
144,bgm_adv_outdoors
145,bgm_adv_indoors
146,bgm_adv_indoors
147,bgm_adv_gag
148,bgm_adv_gag
149,bgm_adv_gag
150,bgm_adv_indoors
151,bgm_adv_indoors
152,bgm_adv_outdoors
153,bgm_adv_outdoors
154,bgm_adv_outdoors
155,bgm_adv_outdoors
156,bgm_adv_gag
157,bgm_adv_gag
158,bgm_adv_gag
159,bgm_adv_outdoors
160,bgm_adv_outdoors
161,bgm_adv_outdoors
162,bgm_adv_outdoors
163,bgm_adv_outdoors
164,bgm_adv_outdoors
165,bgm_adv_wilderness
166,bgm_adv_wilderness
167,bgm_adv_warfare
168,bgm_adv_warfare
169,bgm_adv_warfare
170,bgm_adv_calm
171,bgm_adv_calm
172,bgm_adv_calm
173,bgm_adv_calm
174,bgm_adv_calm
180,bgm_adv_warfare
181,bgm_adv_warfare
182,bgm_adv_warfare
183,bgm_adv_warfare
184,bgm_adv_warfare
185,bgm_adv_warfare
186,bgm_adv_warfare
187,bgm_adv_warfare
188,bgm_adv_warfare
189,bgm_adv_calm
190,bgm_adv_warfare
191,bgm_adv_warfare
192,bgm_adv_warfare
193,bgm_adv_warfare
194,bgm_adv_warfare
195,bgm_adv_warfare
196,bgm_adv_warfare
197,bgm_adv_warfare
198,bgm_adv_warfare
199,bgm_adv_calm
200,bgm_adv_warfare
201,bgm_adv_warfare
202,bgm_adv_warfare
203,bgm_adv_warfare
204,bgm_adv_warfare
205,bgm_adv_warfare
206,bgm_adv_warfare
207,bgm_adv_warfare
208,bgm_adv_warfare
209,bgm_adv_warfare
210,bgm_adv_warfare
211,bgm_adv_warfare
212,bgm_adv_warfare
213,bgm_adv_warfare
214,bgm_adv_warfare
215,bgm_adv_warfare
216,bgm_adv_warfare
217,bgm_battle_dark
218,bgm_battle_dark
219,bgm_battle_dark
220,bgm_adv_warfare
221,bgm_adv_warfare
222,bgm_adv_warfare
223,bgm_adv_warfare
224,bgm_adv_warfare
225,bgm_adv_warfare
226,bgm_adv_warfare
227,bgm_adv_warfare
228,bgm_adv_sorrow
229,bgm_adv_sorrow
230,bgm_adv_indoors
231,bgm_adv_indoors
232,bgm_adv_indoors
233,bgm_battle_engage
234,bgm_adv_pianomedley
235,bgm_adv_pianomedley
236,bgm_adv_pianomedley
237,bgm_adv_wilderness
238,bgm_adv_wilderness
239,bgm_adv_gag
240,bgm_adv_warfare
241,bgm_adv_town
242,bgm_adv_town
243,bgm_adv_town
244,bgm_adv_town
245,bgm_adv_warfare
246,bgm_adv_warfare
247,bgm_adv_warfare
248,bgm_adv_warfare
249,bgm_adv_warfare
250,bgm_adv_warfare
251,bgm_adv_mischief
252,bgm_adv_mischief
253,bgm_adv_wilderness
254,bgm_adv_wilderness
255,bgm_adv_wilderness
256,bgm_adv_wilderness
257,bgm_battle_engage
258,bgm_battle_engage
259,bgm_adv_mischief
260,bgm_adv_mischief
261,bgm_battle_bright
262,bgm_battle_bright
263,bgm_battle_bright
264,bgm_battle_bright
265,bgm_battle_bright
266,bgm_adv_outdoors
267,bgm_adv_outdoors
268,bgm_adv_outdoors
269,bgm_adv_outdoors
270,bgm_adv_wilderness
271,bgm_adv_wilderness
272,bgm_adv_wilderness
273,bgm_adv_wilderness
274,bgm_adv_wilderness
275,bgm_adv_wilderness
276,bgm_adv_wilderness
277,bgm_adv_wilderness
278,bgm_adv_town
279,bgm_adv_town
280,bgm_adv_town
281,bgm_battle_strategic
282,bgm_battle_strategic
283,bgm_battle_strategic
284,bgm_battle_strategic
285,bgm_battle_strategic
286,bgm_adv_warfare
287,bgm_adv_warfare
288,bgm_adv_wilderness
289,bgm_adv_wilderness
290,bgm_battle_strategic
291,bgm_battle_strategic
292,bgm_battle_strategic
293,bgm_battle_strategic
294,bgm_adv_town
295,bgm_adv_town
296,bgm_adv_town
297,bgm_adv_town
298,bgm_battle_strategic
299,bgm_battle_strategic
300,bgm_battle_strategic
301,bgm_adv_warfare
302,bgm_adv_warfare
303,bgm_adv_warfare
304,bgm_adv_warfare
305,bgm_adv_warfare
306,bgm_adv_town
307,bgm_adv_town
308,bgm_battle_engage
309,bgm_battle_engage
310,bgm_adv_indoors
311,bgm_adv_indoors
312,bgm_adv_indoors
313,bgm_adv_sorrow
314,bgm_adv_indoors
315,bgm_adv_indoors
316,bgm_adv_indoors
317,bgm_adv_gag
318,bgm_adv_gag
319,bgm_adv_outdoors
320,bgm_adv_outdoors
321,bgm_adv_outdoors
322,bgm_adv_outdoors
323,bgm_battle_engage
324,bgm_battle_engage
325,bgm_adv_sorrow
326,bgm_adv_wilderness
327,bgm_adv_wilderness
328,bgm_adv_outdoors
329,bgm_adv_outdoors
330,bgm_adv_indoors
331,bgm_adv_indoors
332,bgm_adv_outdoors
333,bgm_adv_outdoors
334,bgm_adv_warfare
335,bgm_adv_warfare
336,bgm_adv_warfare
337,bgm_adv_wilderness
338,bgm_adv_outdoors
339,bgm_adv_outdoors
340,bgm_adv_wilderness
341,bgm_adv_indoors
342,bgm_adv_outdoors
343,bgm_adv_outdoors
344,bgm_adv_wilderness
345,bgm_adv_wilderness
346,bgm_adv_warfare
347,bgm_battle_engage
348,bgm_battle_engage
349,bgm_adv_warfare
350,bgm_adv_warfare
351,bgm_adv_warfare
352,bgm_adv_warfare
353,bgm_adv_warfare
354,bgm_adv_warfare
355,bgm_adv_warfare
356,bgm_adv_wilderness
357,bgm_adv_wilderness
358,bgm_adv_wilderness
359,bgm_adv_indoors
360,bgm_battle_engage
361,bgm_battle_engage
362,bgm_battle_engage
363,bgm_battle_strategic
364,bgm_battle_strategic
365,bgm_battle_strategic
366,bgm_battle_strategic
367,bgm_battle_strategic
368,bgm_adv_calm
369,bgm_adv_wilderness
370,bgm_adv_wilderness
371,bgm_adv_wilderness
372,bgm_battle_strategic
373,bgm_battle_strategic
374,bgm_battle_strategic
375,bgm_battle_strategic
376,bgm_battle_strategic
377,bgm_battle_strategic
378,bgm_adv_wilderness
379,bgm_adv_wilderness
380,bgm_adv_wilderness
381,bgm_battle_engage
382,bgm_battle_engage
383,bgm_adv_warfare
384,bgm_adv_warfare
385,bgm_adv_warfare
386,bgm_adv_warfare
387,bgm_adv_warfare
388,bgm_adv_warfare
389,bgm_adv_warfare
390,bgm_adv_warfare
391,bgm_adv_warfare
392,bgm_adv_warfare
393,bgm_adv_warfare
394,bgm_adv_warfare
395,bgm_adv_warfare
396,bgm_adv_warfare
397,bgm_adv_warfare
398,bgm_battle_engage
399,bgm_battle_engage
400,bgm_battle_engage
401,bgm_adv_wilderness
402,bgm_adv_wilderness
403,bgm_adv_wilderness
404,bgm_adv_wilderness
405,bgm_adv_wilderness
406,bgm_adv_wilderness
407,bgm_adv_warfare
408,bgm_adv_calm
409,bgm_adv_calm
410,bgm_adv_calm
411,bgm_adv_calm
412,bgm_adv_calm
413,bgm_adv_calm
414,bgm_adv_calm
415,bgm_adv_calm
416,bgm_adv_calm
417,bgm_adv_wilderness
418,bgm_battle_engage
419,bgm_battle_engage
420,bgm_battle_engage
421,bgm_battle_engage
422,bgm_battle_engage
423,bgm_battle_strategic
424,bgm_battle_strategic
425,bgm_battle_strategic
426,bgm_battle_strategic
427,bgm_battle_strategic
428,bgm_adv_calm
429,bgm_battle_strategic
430,bgm_battle_strategic
431,bgm_adv_wilderness
432,bgm_adv_wilderness
433,bgm_adv_wilderness
434,bgm_adv_wilderness
435,bgm_adv_wilderness
436,bgm_adv_wilderness
437,bgm_adv_wilderness
438,bgm_adv_wilderness
439,bgm_adv_wilderness
440,bgm_adv_wilderness
441,bgm_adv_warfare
442,bgm_adv_warfare
443,bgm_adv_warfare
444,bgm_battle_default
445,bgm_battle_default
446,bgm_battle_default
447,bgm_battle_default
448,bgm_adv_warfare
449,bgm_adv_warfare
450,bgm_battle_default
451,bgm_battle_default
452,bgm_battle_default
453,bgm_adv_warfare
454,bgm_adv_outdoors
455,bgm_finalscene
456,bgm_finalscene
457,bgm_finalscene
458,bgm_adv_calm
459,bgm_adv_town
460,bgm_adv_town
461,bgm_adv_town
